"ID","PATIENT_ID","BP_HIGH","BP_LOW","SPO2","RECORDED_ON"
1,4,88,78,55,15/07/25 18:35:03.000000000
2,16,88,99,77,15/07/25 18:39:25.000000000
3,2,99,44,55,15/07/25 18:44:32.000000000
4,17,77,99,66,15/07/25 18:51:43.000000000
